City_ID,City,Country,Date,Lat,Lng,Max Temp,Humidity,Cloudiness,Wind Speed
0,Geraldton,AU,2022-04-14 15:08:13,-28.7667,114.6,64.81,94,0,8.05
1,Miri,MY,2022-04-14 15:11:47,4.4148,114.0089,78.58,84,23,2.66
2,Altagracia De Orituco,VE,2022-04-14 15:11:48,9.8601,-66.3814,89.08,40,27,8.55
3,Mitsamiouli,KM,2022-04-14 15:11:48,-11.3847,43.2844,82.87,76,13,9.08
4,Mahibadhoo,MV,2022-04-14 15:11:48,3.7833,72.9667,85.21,71,100,9.89
5,Neftcala,AZ,2022-04-14 15:11:49,39.3742,49.2472,56.97,61,87,12.06
6,Provideniya,RU,2022-04-14 15:11:49,64.3833,-173.3,29.43,96,100,8.97
7,Punta Arenas,CL,2022-04-14 15:11:49,-53.15,-70.9167,55.51,62,40,25.32
8,Sibolga,ID,2022-04-14 15:11:50,1.7427,98.7792,78.08,89,100,2.39
9,Lakatoro,VU,2022-04-14 15:11:50,-16.0999,167.4164,80.51,81,15,7.38
10,Mar Del Plata,AR,2022-04-14 15:11:51,-38.0023,-57.5575,60.82,70,20,9.22
11,Praya,CV,2022-04-14 15:08:02,14.9215,-23.5087,73.0,69,2,15.26
12,Yellowknife,CA,2022-04-14 15:11:51,62.456,-114.3525,8.29,80,82,8.01
13,Severo-Kurilsk,RU,2022-04-14 15:11:51,50.6789,156.125,29.25,73,87,26.73
14,Hobart,AU,2022-04-14 15:11:52,-42.8794,147.3294,60.66,78,100,9.22
15,Muros,ES,2022-04-14 15:11:52,42.7762,-9.0603,70.68,71,2,9.1
16,Chuy,UY,2022-04-14 15:11:53,-33.6971,-53.4616,67.48,41,1,11.39
17,Phan Thiet,VN,2022-04-14 15:08:54,10.9333,108.1,79.65,90,89,2.51
18,Murdochville,CA,2022-04-14 15:11:53,48.9583,-65.5006,41.29,55,41,4.65
19,Imbituba,BR,2022-04-14 15:11:53,-28.24,-48.6703,69.82,90,100,14.45
20,Hermanus,ZA,2022-04-14 15:11:54,-34.4187,19.2345,63.81,70,100,8.34
21,Paamiut,GL,2022-04-14 15:11:54,61.994,-49.6678,27.99,80,94,24.23
22,Tuktoyaktuk,CA,2022-04-14 15:11:55,69.4541,-133.0374,-14.24,100,100,5.68
23,Zhezkazgan,KZ,2022-04-14 15:11:55,47.8043,67.7144,62.58,29,0,8.95
24,Clyde River,CA,2022-04-14 15:11:55,70.4692,-68.5914,-0.58,78,32,8.88
25,Jamestown,US,2022-04-14 15:11:56,42.097,-79.2353,45.52,69,100,18.41
26,Vaini,TO,2022-04-14 15:11:56,-21.2,-175.2,77.16,100,20,10.36
27,Pakokku,MM,2022-04-14 15:11:56,21.3333,95.1,93.61,35,46,18.95
28,Saskylakh,RU,2022-04-14 15:11:57,71.9167,114.0833,-18.56,100,80,6.22
29,Sigli,ID,2022-04-14 15:11:57,5.3848,95.9609,81.16,81,92,6.04
30,Jorpeland,NO,2022-04-14 15:11:58,59.0225,6.0408,48.11,90,38,3.02
31,Luba,GQ,2022-04-14 15:11:58,3.4568,8.5547,81.21,77,74,6.17
32,Carnarvon,AU,2022-04-14 15:11:58,-24.8667,113.6333,75.27,73,0,12.66
33,Desaguadero,PE,2022-04-14 15:11:59,-16.5656,-69.0417,50.18,55,5,8.12
34,Georgetown,MY,2022-04-14 15:11:59,5.4112,100.3354,84.13,84,20,0.0
35,Arraial Do Cabo,BR,2022-04-14 15:11:59,-22.9661,-42.0278,75.06,94,75,12.66
36,Rikitea,PF,2022-04-14 15:12:00,-23.1203,-134.9692,77.67,71,7,18.32
37,Nikolskoye,RU,2022-04-14 15:12:00,59.7035,30.7861,42.69,95,100,2.37
38,Buta,CD,2022-04-14 15:12:01,2.7858,24.73,76.64,79,98,3.06
39,San Vicente,AR,2022-04-14 15:12:01,-26.6167,-54.1333,68.76,46,2,6.6
40,Ushuaia,AR,2022-04-14 15:10:28,-54.8,-68.3,49.62,73,69,4.81
41,Mataura,NZ,2022-04-14 15:12:02,-46.1927,168.8643,54.48,97,92,2.44
42,Joao Pinheiro,BR,2022-04-14 15:12:02,-17.7425,-46.1725,85.03,45,0,5.66
43,Ancud,CL,2022-04-14 15:12:02,-41.8697,-73.8203,55.27,72,5,3.38
44,Korla,CN,2022-04-14 15:12:03,41.7597,86.1469,65.8,24,91,4.03
45,Victoria,HK,2022-04-14 15:09:07,22.2855,114.1577,80.19,77,0,8.01
46,Albany,US,2022-04-14 15:08:24,42.6001,-73.9662,74.95,60,98,5.99
47,Duki,PK,2022-04-14 15:13:04,30.1541,68.5728,79.52,6,1,9.33
48,Kavaratti,IN,2022-04-14 15:13:04,10.5669,72.642,81.79,74,98,4.23
49,Celestun,MX,2022-04-14 15:13:05,20.8667,-90.4,82.67,65,66,11.74
50,Atuona,PF,2022-04-14 15:13:05,-9.8,-139.0333,78.51,78,36,15.55
51,Cidreira,BR,2022-04-14 15:13:05,-30.1811,-50.2056,68.7,50,19,15.93
52,Port Alfred,ZA,2022-04-14 15:13:06,-33.5906,26.891,67.17,87,100,5.01
53,Puerto Suarez,BO,2022-04-14 15:13:06,-18.95,-57.8,75.76,88,75,12.66
54,Pangnirtung,CA,2022-04-14 15:13:07,66.1451,-65.7125,-7.6,77,40,4.61
55,Puerto Ayora,EC,2022-04-14 15:13:07,-0.7393,-90.3518,80.56,81,59,9.89
56,Tortoli,IT,2022-04-14 15:13:07,39.9256,9.6572,59.88,66,100,8.41
57,Lebu,CL,2022-04-14 15:13:08,-37.6167,-73.65,59.43,59,0,5.7
58,Vostok,RU,2022-04-14 15:13:08,46.4856,135.8833,23.47,96,47,3.29
59,Cape Town,ZA,2022-04-14 15:13:09,-33.9258,18.4232,66.34,62,100,7.0
60,Guerrero Negro,MX,2022-04-14 15:10:53,27.9769,-114.0611,61.66,68,56,11.88
61,Erzin,TR,2022-04-14 15:13:09,36.9559,36.2,61.63,42,6,1.95
62,Butaritari,KI,2022-04-14 15:13:10,3.0707,172.7902,80.82,78,100,13.06
63,Castro,BR,2022-04-14 15:13:10,-24.7911,-50.0119,68.23,84,74,6.55
64,Nakonde,ZM,2022-04-14 15:13:10,-9.3421,32.745,66.63,91,100,5.14
65,Port Lincoln,AU,2022-04-14 15:13:11,-34.7333,135.8667,65.05,89,100,8.9
66,Hilo,US,2022-04-14 15:13:11,19.7297,-155.09,70.29,89,100,8.05
67,La Concordia,NI,2022-04-14 15:13:12,13.1953,-86.1667,77.77,50,72,7.34
68,Gizo,SB,2022-04-14 15:13:12,-8.103,156.8419,82.38,74,69,4.97
69,Yar-Sale,RU,2022-04-14 15:13:12,66.8333,70.8333,34.05,100,100,8.84
70,Babstovo,RU,2022-04-14 15:13:13,48.1167,132.4833,31.64,60,4,3.4
71,Sorland,NO,2022-04-14 15:13:13,67.667,12.6934,39.16,67,37,7.36
72,Busselton,AU,2022-04-14 15:13:14,-33.65,115.3333,58.73,71,0,8.25
73,Chimbote,PE,2022-04-14 15:13:14,-9.0853,-78.5783,69.66,76,94,9.37
74,Alofi,NU,2022-04-14 15:13:15,-19.0595,-169.9187,80.8,75,17,6.13
75,Nanakuli,US,2022-04-14 15:13:15,21.3906,-158.1547,73.45,68,0,6.91
76,Requena,ES,2022-04-14 15:13:16,39.4883,-1.1004,59.52,39,33,15.82
77,Ostrovnoy,RU,2022-04-14 15:13:16,68.0531,39.5131,27.21,85,100,6.24
78,Taltal,CL,2022-04-14 15:13:17,-25.4,-70.4833,64.99,70,16,4.63
79,Galesong,ID,2022-04-14 15:13:17,-5.3166,119.3661,78.82,78,89,4.5
80,Whitehorse,CA,2022-04-14 15:13:18,60.7161,-135.0538,15.28,87,44,2.71
81,Araouane,ML,2022-04-14 15:13:18,18.9048,-3.5265,100.94,6,6,14.0
82,New Norfolk,AU,2022-04-14 15:13:18,-42.7826,147.0587,60.3,66,78,2.75
83,Grand-Santi,GF,2022-04-14 15:13:19,4.25,-54.3833,81.0,84,96,4.68
84,Dikson,RU,2022-04-14 15:13:19,73.5069,80.5464,23.7,91,100,6.71
85,Utete,TZ,2022-04-14 15:13:20,-7.986,38.758,74.88,98,100,2.55
86,Qaanaaq,GL,2022-04-14 15:13:20,77.484,-69.3632,-3.48,95,99,4.43
87,Vanderhoof,CA,2022-04-14 15:10:11,54.0166,-124.0198,18.7,59,89,5.08
88,Avarua,CK,2022-04-14 15:13:21,-21.2078,-159.775,75.25,100,20,2.3
89,Bredasdorp,ZA,2022-04-14 15:13:21,-34.5322,20.0403,60.3,65,100,7.76
90,Cauquenes,CL,2022-04-14 15:14:21,-35.9671,-72.3225,69.42,28,0,2.59
91,Esperance,AU,2022-04-14 15:14:22,-33.8667,121.9,62.19,69,96,7.31
92,Saint George,US,2022-04-14 15:12:54,37.1041,-113.5841,43.39,16,0,0.0
93,Lexington,US,2022-04-14 15:12:33,37.9887,-84.4777,50.0,58,0,5.75
94,Sosnovka,RU,2022-04-14 15:14:22,56.255,51.2842,42.91,95,86,8.1
95,Cabo San Lucas,MX,2022-04-14 15:14:23,22.8909,-109.9124,72.7,62,40,0.0
96,Zhongshu,CN,2022-04-14 15:14:23,24.5167,103.7667,65.16,55,18,4.63
97,Mazatlan,MX,2022-04-14 15:10:33,23.2167,-106.4167,71.56,74,75,0.0
98,Sakakah,SA,2022-04-14 15:14:24,29.9697,40.2064,81.18,15,2,19.3
99,Puerto Escondido,MX,2022-04-14 15:14:24,15.85,-97.0667,84.49,63,19,4.68
100,Padang,ID,2022-04-14 15:14:24,-0.9492,100.3543,79.14,86,99,1.9
101,Naryan-Mar,RU,2022-04-14 15:14:25,67.6713,53.087,25.84,93,100,24.58
102,Channel-Port Aux Basques,CA,2022-04-14 15:14:25,47.5702,-59.1367,38.43,70,6,8.19
103,Luderitz,NA,2022-04-14 15:14:26,-26.6481,15.1594,66.56,69,34,24.61
104,Qui Nhon,VN,2022-04-14 15:14:26,13.7667,109.2333,77.47,90,85,2.73
105,Monrovia,LR,2022-04-14 15:09:34,6.3005,-10.7969,83.7,74,26,10.16
106,Kapaa,US,2022-04-14 15:14:27,22.0752,-159.319,73.47,85,100,4.0
107,Revuca,SK,2022-04-14 15:14:27,48.6835,20.1173,72.57,50,48,5.64
108,Barrow,US,2022-04-14 15:14:28,71.2906,-156.7887,-7.58,77,0,12.66
109,Macklin,CA,2022-04-14 15:12:20,52.3334,-109.9348,19.49,74,100,13.33
110,Kavieng,PG,2022-04-14 15:14:28,-2.5744,150.7967,82.76,76,14,13.4
111,Paracuru,BR,2022-04-14 15:14:28,-3.41,-39.0306,84.11,68,83,5.68
112,Warrnambool,AU,2022-04-14 15:14:29,-38.3833,142.4833,59.81,57,100,6.58
113,Hirara,JP,2022-04-14 15:14:29,24.8,125.2833,72.19,76,100,19.69
114,Pacific Grove,US,2022-04-14 15:10:33,36.6177,-121.9166,53.1,72,88,3.0
115,Raubling,DE,2022-04-14 15:14:30,47.7905,12.1109,69.24,66,100,5.7
116,Sao Joao Da Barra,BR,2022-04-14 15:14:30,-21.6403,-41.0511,86.09,67,13,7.36
117,Saldanha,ZA,2022-04-14 15:14:30,-33.0117,17.9442,61.45,71,100,21.85
118,Hambantota,LK,2022-04-14 15:14:31,6.1241,81.1185,82.27,79,10,10.71
119,Praia Da Vitoria,PT,2022-04-14 15:14:31,38.7333,-27.0667,64.76,77,18,18.66
120,Teeli,RU,2022-04-14 15:14:31,51.0333,90.2333,32.36,32,0,2.46
121,Kaitangata,NZ,2022-04-14 15:14:32,-46.2817,169.8464,50.5,87,92,7.05
122,Bluff,NZ,2022-04-14 15:14:32,-46.6,168.3333,54.81,79,94,18.03
123,Quatis,BR,2022-04-14 15:14:33,-22.4072,-44.2581,78.03,81,62,2.95
124,Olafsvik,IS,2022-04-14 15:14:33,64.8945,-23.7142,43.86,95,100,18.19
125,Chumikan,RU,2022-04-14 15:14:33,54.7183,135.315,24.26,74,12,13.53
126,Poum,NC,2022-04-14 15:14:34,-20.2333,164.0167,75.69,86,76,5.59
127,Dingle,PH,2022-04-14 15:10:33,10.9995,122.6711,76.42,89,95,2.86
128,Alanya,TR,2022-04-14 15:14:34,36.5438,31.9998,64.53,49,0,5.39
129,Port Elizabeth,ZA,2022-04-14 15:11:10,-33.918,25.5701,68.09,93,75,19.57
130,Seoul,KR,2022-04-14 15:10:44,37.5683,126.9778,53.04,58,100,2.3
131,Hamilton,US,2022-04-14 15:13:13,39.1834,-84.5333,52.61,57,0,8.05
132,Thompson,CA,2022-04-14 15:14:35,55.7435,-97.8558,7.54,85,100,14.5
133,Zhanaozen,KZ,2022-04-14 15:14:35,43.3,52.8,61.27,36,42,11.68
134,Chantada,ES,2022-04-14 15:14:36,42.6088,-7.7712,69.69,47,100,2.66
135,Kigorobya,UG,2022-04-14 15:14:36,1.6162,31.3089,81.0,53,94,4.25
136,La Ronge,CA,2022-04-14 15:15:36,55.1001,-105.2842,12.45,48,100,11.5
137,Aksarka,RU,2022-04-14 15:15:37,66.5606,67.7975,33.89,99,100,9.08
138,Bamberg,DE,2022-04-14 15:15:37,49.8795,10.8863,71.71,59,94,6.51
139,Kutum,SD,2022-04-14 15:15:38,14.2,24.6667,91.62,6,21,10.78
140,Dakoro,NE,2022-04-14 15:15:38,14.5106,6.765,103.37,16,100,8.25
141,Sur,OM,2022-04-14 15:15:38,22.5667,59.5289,91.24,34,100,10.83
142,Port Macquarie,AU,2022-04-14 15:15:39,-31.4333,152.9167,58.89,71,82,6.38
143,Te Anau,NZ,2022-04-14 15:15:39,-45.4167,167.7167,47.35,90,98,0.51
144,Kruisfontein,ZA,2022-04-14 15:15:39,-34.0033,24.7314,65.88,87,100,11.32
145,Chokurdakh,RU,2022-04-14 15:15:40,70.6333,147.9167,-12.8,100,87,6.31
146,Faanui,PF,2022-04-14 15:15:40,-16.4833,-151.75,81.66,73,29,15.86
147,Coquimbo,CL,2022-04-14 15:15:40,-29.9533,-71.3436,55.13,94,100,2.3
148,Avera,US,2022-04-14 15:15:41,33.194,-82.5271,73.54,71,100,10.96
149,Broken Hill,AU,2022-04-14 15:15:41,-31.95,141.4333,68.38,37,98,7.07
150,Tra Vinh,VN,2022-04-14 15:15:42,9.9347,106.3453,82.4,79,39,6.85
151,Sarangani,PH,2022-04-14 15:15:42,5.4033,125.4636,82.31,78,100,15.23
152,Ahipara,NZ,2022-04-14 15:15:42,-35.1667,173.1667,55.22,80,0,3.89
153,Kidal,ML,2022-04-14 15:15:43,18.4411,1.4078,103.66,6,41,18.63
154,Hithadhoo,MV,2022-04-14 15:15:43,-0.6,73.0833,84.04,72,100,9.08
155,Asfi,MA,2022-04-14 15:15:43,32.2994,-9.2372,67.28,65,0,27.13
156,Bambous Virieux,MU,2022-04-14 15:15:44,-20.3428,57.7575,80.22,73,75,17.27
157,Presidente Medici,BR,2022-04-14 15:11:16,-11.1753,-61.9014,83.23,80,88,6.76
158,Talara,PE,2022-04-14 15:15:44,-4.5772,-81.2719,75.96,64,0,23.02
159,Karlovo,BG,2022-04-14 15:15:45,42.6333,24.8,63.81,47,3,2.71
160,Oksfjord,NO,2022-04-14 15:15:45,70.2396,22.3479,36.0,80,99,6.85
161,Kodiak,US,2022-04-14 15:15:45,57.79,-152.4072,26.11,80,0,8.05
162,Boende,CD,2022-04-14 15:15:46,-0.2167,20.8667,71.26,99,100,3.62
163,Vestmannaeyjar,IS,2022-04-14 15:15:46,63.4427,-20.2734,47.39,100,100,28.77
164,Kalmunai,LK,2022-04-14 15:15:46,7.4167,81.8167,81.84,82,81,11.43
165,Tarnogskiy Gorodok,RU,2022-04-14 15:15:47,60.4997,43.5761,37.96,81,100,3.8
166,Henties Bay,NA,2022-04-14 15:15:47,-22.116,14.2845,62.89,79,56,11.52
167,Pevek,RU,2022-04-14 15:15:48,69.7008,170.3133,6.21,92,100,2.28
168,Ribeira Grande,PT,2022-04-14 15:15:48,38.5167,-28.7,63.0,77,20,20.71
169,Lakselv,NO,2022-04-14 15:15:49,70.0513,24.9718,39.02,60,100,6.91
170,Tasiilaq,GL,2022-04-14 15:15:49,65.6145,-37.6368,32.16,98,100,3.62
171,Fuerte Olimpo,PY,2022-04-14 15:15:49,-21.0415,-57.8738,79.09,49,33,10.45
172,Scarborough,GB,2022-04-14 15:13:48,54.2797,-0.4044,63.97,80,100,5.99
173,Mananara,MG,2022-04-14 15:15:50,-16.1667,49.7667,76.96,87,10,6.29
174,Yumen,CN,2022-04-14 15:15:50,40.2833,97.2,50.79,8,1,8.7
175,Mataram,ID,2022-04-14 15:15:51,-8.5833,116.1167,81.41,84,43,5.3
176,Humberto De Campos,BR,2022-04-14 15:15:51,-2.5983,-43.4611,87.93,62,52,7.2
177,Peniche,PT,2022-04-14 15:15:51,39.3558,-9.3811,71.29,79,1,13.73
178,Gwadar,PK,2022-04-14 15:15:52,25.1216,62.3254,81.5,78,87,11.86
179,East London,ZA,2022-04-14 15:14:51,-33.0153,27.9116,71.65,77,100,7.52
180,Airai,TL,2022-04-14 15:16:52,-8.9266,125.4092,61.39,93,98,2.35
181,Beira,MZ,2022-04-14 15:16:53,-19.8436,34.8389,82.49,89,75,104.71
182,Chipinge,ZW,2022-04-14 15:16:30,-20.1883,32.6236,72.72,73,92,6.38
183,Verkhnevilyuysk,RU,2022-04-14 15:16:53,63.4453,120.3167,22.21,96,86,5.48
184,Kununurra,AU,2022-04-14 15:16:54,-15.7667,128.7333,73.38,94,100,6.91
185,Makakilo City,US,2022-04-14 15:16:54,21.3469,-158.0858,72.19,71,0,6.91
186,Cherskiy,RU,2022-04-14 15:16:54,68.75,161.3,14.7,96,100,4.07
187,Upernavik,GL,2022-04-14 15:16:55,72.7868,-56.1549,-7.71,96,96,9.33
188,Nalobikha,RU,2022-04-14 15:16:55,53.2006,84.6039,41.14,63,0,10.85
189,Lompoc,US,2022-04-14 15:14:11,34.6391,-120.4579,52.59,81,0,15.99
190,Xique-Xique,BR,2022-04-14 15:16:56,-10.8218,-42.7263,82.11,53,100,3.09
191,Haines Junction,CA,2022-04-14 15:16:56,60.7522,-137.5108,3.15,72,63,1.14
192,Kahului,US,2022-04-14 15:16:56,20.8947,-156.47,73.85,74,20,7.0
193,Aklavik,CA,2022-04-14 15:16:57,68.2191,-135.0107,-11.2,77,20,2.3
194,Itarema,BR,2022-04-14 15:16:57,-2.9248,-39.9167,84.72,68,96,7.16
195,Kaspiysk,RU,2022-04-14 15:16:57,42.8816,47.6392,48.38,87,67,13.42
196,Fallon,US,2022-04-14 15:16:58,39.4735,-118.7774,48.07,40,40,5.75
197,Tongliao,CN,2022-04-14 15:13:30,43.6125,122.2653,43.68,28,17,4.97
198,Okha,RU,2022-04-14 15:14:50,53.5739,142.9478,19.92,95,49,7.74
199,Bilma,NE,2022-04-14 15:16:58,18.6853,12.9164,105.51,4,41,11.83
200,Ucluelet,CA,2022-04-14 15:16:59,48.9329,-125.5528,32.31,70,88,4.0
201,Comodoro Rivadavia,AR,2022-04-14 15:16:59,-45.8667,-67.5,69.66,43,0,13.8
202,Broome,US,2022-04-14 15:17:00,42.2506,-75.833,74.17,50,0,12.66
203,Oranjemund,NA,2022-04-14 15:17:00,-28.55,16.4333,62.35,83,22,18.32
204,Ponta Do Sol,PT,2022-04-14 15:17:00,32.6667,-17.1,72.72,70,0,2.26
205,San Andres,CO,2022-04-14 15:14:44,12.5847,-81.7006,84.22,74,75,16.11
206,Nuuk,GL,2022-04-14 15:17:01,64.1835,-51.7216,25.41,63,40,9.22
207,Yongchang,CN,2022-04-14 15:17:01,30.0381,119.7317,57.58,90,100,5.37
208,Sydney,AU,2022-04-14 15:16:54,-33.8679,151.2073,62.38,90,20,6.91
209,Dalgopol,BG,2022-04-14 15:17:02,43.05,27.35,66.58,46,20,4.61
210,Hofn,IS,2022-04-14 15:17:02,64.2539,-15.2082,46.42,93,100,24.16
211,Udachnyy,RU,2022-04-14 15:17:03,66.4167,112.4,15.76,93,95,17.72
212,Sanchor,IN,2022-04-14 15:17:03,24.7553,71.7722,86.49,27,0,10.76
213,Mangan,IN,2022-04-14 15:17:04,27.5167,88.5333,68.0,78,58,6.38
214,Mildura,AU,2022-04-14 15:15:33,-34.2,142.15,66.16,42,100,0.0
215,Chimoio,MZ,2022-04-14 15:17:04,-19.1164,33.4833,74.68,88,52,4.36
216,Sabang,ID,2022-04-14 15:17:05,5.8933,95.3214,84.94,70,71,8.77
217,Kysyl-Syr,RU,2022-04-14 15:17:05,63.8986,122.7617,25.47,96,100,6.89
218,Mehamn,NO,2022-04-14 15:17:06,71.0357,27.8492,34.66,86,91,19.82
219,Rocha,UY,2022-04-14 15:17:06,-34.4833,-54.3333,66.81,42,2,14.41
220,Ust-Tsilma,RU,2022-04-14 15:17:07,65.441,52.1498,29.46,79,99,10.83
221,Port Shepstone,ZA,2022-04-14 15:17:07,-30.7414,30.455,74.12,82,6,4.07
222,Bundaberg,AU,2022-04-14 15:17:04,-24.85,152.35,64.69,86,0,9.22
223,Pervomayskaya,RU,2022-04-14 15:17:08,43.4033,45.5261,53.4,76,0,8.95
224,Cajati,BR,2022-04-14 15:17:08,-24.7361,-48.1228,70.11,99,100,1.92
225,Kirakira,SB,2022-04-14 15:17:09,-10.4544,161.9205,80.26,83,42,7.56
226,Guaraniacu,BR,2022-04-14 15:17:09,-25.1008,-52.8781,63.32,79,97,7.54
227,Byron Bay,AU,2022-04-14 15:15:55,-28.65,153.6167,62.94,81,88,12.8
228,Wajir,KE,2022-04-14 15:18:10,1.7471,40.0573,91.18,42,85,11.07
229,Bethel,US,2022-04-14 15:18:10,41.3712,-73.414,78.35,63,0,9.22
230,Atar,MR,2022-04-14 15:18:11,20.5169,-13.0499,93.81,11,0,9.35
231,Kieta,PG,2022-04-14 15:18:11,-6.2167,155.6333,78.42,82,100,2.33
232,Northam,GB,2022-04-14 15:18:12,51.0333,-4.2167,62.26,71,100,4.72
233,Santa Maria,BR,2022-04-14 15:18:12,-29.6842,-53.8069,64.58,52,0,6.53
234,Houma,US,2022-04-14 15:18:12,29.5958,-90.7195,71.6,84,75,14.97
235,Yambio,SS,2022-04-14 15:18:13,4.5721,28.3955,70.68,91,100,2.37
236,Mudanya,TR,2022-04-14 15:18:13,40.3753,28.8822,57.7,51,3,7.94
237,Port Hedland,AU,2022-04-14 15:18:14,-20.3167,118.5667,84.25,51,62,6.91
238,Ilulissat,GL,2022-04-14 15:18:14,69.2167,-51.1,15.82,67,75,19.57
239,San Patricio,US,2022-04-14 15:18:15,28.017,-97.5169,75.09,51,4,21.36
240,Nisia Floresta,BR,2022-04-14 15:13:50,-6.0911,-35.2086,90.41,55,94,7.81
241,San Rafael,AR,2022-04-14 15:15:52,-34.6177,-68.3301,66.38,25,0,6.93
242,Port-Gentil,GA,2022-04-14 15:18:15,-0.7193,8.7815,82.33,74,69,9.42
243,Bud,US,2022-04-14 15:18:16,39.447,-86.1758,49.41,66,1,10.49
244,Klaksvik,FO,2022-04-14 15:14:54,62.2266,-6.589,47.32,87,100,25.61
245,Changji,CN,2022-04-14 15:18:17,44.0167,87.3167,54.39,10,0,8.95
246,Bako,ET,2022-04-14 15:18:17,5.7833,36.5667,78.22,45,98,3.33
247,Coahuayana,MX,2022-04-14 15:18:17,18.7333,-103.6833,80.62,51,100,0.47
248,Brive-La-Gaillarde,FR,2022-04-14 15:18:18,45.25,1.5,71.28,39,15,3.38
249,Husavik,IS,2022-04-14 15:18:18,66.0449,-17.3389,43.79,88,100,12.33
250,Tolaga Bay,NZ,2022-04-14 15:18:19,-38.3667,178.3,49.73,88,1,5.28
251,Tapes,BR,2022-04-14 15:18:19,-30.6733,-51.3958,66.07,52,0,12.75
252,Valenca Do Piaui,BR,2022-04-14 15:13:53,-6.4075,-41.7456,85.89,64,21,1.5
253,Sisophon,KH,2022-04-14 15:18:20,13.5859,102.9737,84.61,63,74,4.74
254,Fairbanks,US,2022-04-14 15:18:21,64.8378,-147.7164,32.81,69,0,3.44
255,Areosa,PT,2022-04-14 15:18:21,41.7178,-8.8571,62.92,66,8,10.58
256,Fenoarivo Atsinanana,MG,2022-04-14 15:18:22,-17.3667,49.4167,77.59,88,1,7.31
257,Lolodorf,CM,2022-04-14 15:18:22,3.2333,10.7333,73.56,97,100,1.52
258,Loding,NO,2022-04-14 15:18:22,67.3,14.75,40.91,73,20,5.75
259,Lethbridge,CA,2022-04-14 15:18:23,49.7,-112.8186,16.65,86,100,9.22
260,Parana,AR,2022-04-14 15:18:23,-31.732,-60.5238,71.55,40,0,3.85
261,Narsaq,GL,2022-04-14 15:18:24,60.9167,-46.05,48.42,78,30,5.37
262,Grindavik,IS,2022-04-14 15:18:24,63.8424,-22.4338,49.95,100,100,34.52
263,Tonstad,NO,2022-04-14 15:18:25,58.6626,6.7169,46.69,92,100,1.81
264,Crnomelj,SI,2022-04-14 15:18:25,45.5711,15.1889,73.62,45,48,3.58
265,Nome,US,2022-04-14 15:18:25,64.5011,-165.4064,34.16,93,100,9.22
266,Plopsoru,RO,2022-04-14 15:18:26,44.7833,23.35,65.71,32,0,2.46
267,Sola,VU,2022-04-14 15:18:26,-13.8833,167.55,82.56,73,8,10.04
268,Richards Bay,ZA,2022-04-14 15:18:27,-28.783,32.0377,74.62,74,0,5.93
269,Khatanga,RU,2022-04-14 15:18:27,71.9667,102.5,-14.46,100,48,5.01
270,Carballo,ES,2022-04-14 15:18:28,43.213,-8.691,64.42,78,41,5.48
271,Qaqortoq,GL,2022-04-14 15:18:28,60.7167,-46.0333,34.63,85,42,4.79
272,Brae,GB,2022-04-14 15:19:29,60.3964,-1.353,46.8,65,76,10.09
273,Brigantine,US,2022-04-14 15:16:36,39.4101,-74.3646,79.2,71,0,18.41
274,Beringovskiy,RU,2022-04-14 15:19:29,63.05,179.3167,30.56,98,100,15.7
275,Westport,US,2022-04-14 15:15:48,41.1415,-73.3579,78.4,44,100,4.05
276,Coihaique,CL,2022-04-14 15:19:30,-45.5752,-72.0662,52.41,76,88,4.41
277,Yerbogachen,RU,2022-04-14 15:19:30,61.2767,108.0108,33.89,91,100,15.43
278,Huilong,CN,2022-04-14 15:19:31,31.8111,121.655,54.93,89,100,12.91
279,Punta Alta,AR,2022-04-14 15:19:31,-38.8759,-62.0736,62.94,52,0,6.8
280,Gigmoto,PH,2022-04-14 15:19:32,13.7796,124.39,77.79,85,67,4.07
281,Bilibino,RU,2022-04-14 15:19:32,68.0546,166.4372,14.47,91,100,4.88
282,Asyut,EG,2022-04-14 15:19:32,27.181,31.1837,86.74,9,0,17.9
283,Sao Filipe,CV,2022-04-14 15:19:33,14.8961,-24.4956,72.23,74,1,9.19
284,Portland,US,2022-04-14 15:16:10,45.5234,-122.6762,39.61,92,100,6.91
285,Obodivka,UA,2022-04-14 15:19:33,48.4051,29.2477,58.55,41,10,9.73
286,Trairi,BR,2022-04-14 15:19:33,-3.2778,-39.2689,85.41,67,80,6.64
287,Leh,IN,2022-04-14 15:19:34,34.1667,77.5833,38.7,42,13,5.48
288,Kuryk,KZ,2022-04-14 15:19:34,43.2,51.65,60.64,39,10,11.36
289,Victor Harbor,AU,2022-04-14 15:19:35,-35.5667,138.6167,65.68,85,100,1.74
290,Dudinka,RU,2022-04-14 15:19:35,69.4058,86.1778,22.53,96,100,6.71
291,Codo,BR,2022-04-14 15:19:35,-4.4553,-43.8856,88.07,61,61,3.13
292,Waddan,LY,2022-04-14 15:19:36,29.1614,16.139,96.44,7,98,27.36
293,Lata,PT,2022-04-14 15:19:36,40.1629,-8.3327,74.48,47,62,9.55
294,High Level,CA,2022-04-14 15:17:40,58.5169,-117.136,10.51,61,0,0.0
295,Vestmanna,FO,2022-04-14 15:19:36,62.1564,-7.1664,45.52,76,20,24.16
296,Atikokan,CA,2022-04-14 15:19:37,48.7555,-91.6216,26.96,87,99,8.3
297,Saint-Philippe,RE,2022-04-14 15:19:37,-21.3585,55.7679,78.39,88,69,16.75
298,Torbay,CA,2022-04-14 15:19:38,47.6666,-52.7314,40.28,73,75,25.32
299,Port Hardy,CA,2022-04-14 15:19:38,50.6996,-127.4199,41.0,93,75,2.3
300,Sagaing,MM,2022-04-14 15:19:38,21.8787,95.9797,96.49,24,28,10.0
301,Inhambane,MZ,2022-04-14 15:19:39,-23.865,35.3833,81.48,81,85,14.12
302,Katsuura,JP,2022-04-14 15:19:39,35.1333,140.3,52.88,90,100,18.14
303,Saint-Augustin,CA,2022-04-14 15:19:39,51.226,-58.6502,36.07,94,48,1.66
304,Labuan,MY,2022-04-14 15:19:40,5.2767,115.2417,79.16,94,20,0.0
305,Murakami,JP,2022-04-14 15:19:40,38.2333,139.4833,48.63,92,100,4.41
306,Iqaluit,CA,2022-04-14 15:19:41,63.7506,-68.5145,-4.27,70,20,21.85
307,Roald,NO,2022-04-14 15:19:41,62.5833,6.1333,52.72,57,0,17.27
308,Ruteng,ID,2022-04-14 15:19:41,-8.6136,120.4721,64.0,94,84,1.21
309,Alyangula,AU,2022-04-14 15:19:42,-13.8483,136.4192,82.65,71,89,9.13
310,Yaan,NG,2022-04-14 15:19:42,7.3833,8.5667,92.17,42,83,11.01
311,Palembang,ID,2022-04-14 15:19:42,-2.9167,104.7458,80.69,89,20,3.44
312,Siderno,IT,2022-04-14 15:19:43,38.2779,16.302,59.47,75,100,7.74
313,Tiksi,RU,2022-04-14 15:19:43,71.6872,128.8694,-1.44,100,100,6.24
314,Los Llanos De Aridane,ES,2022-04-14 15:19:44,28.6585,-17.9182,68.13,71,20,18.41
315,Dovbysh,UA,2022-04-14 15:19:44,50.3733,27.9874,56.08,45,90,5.5
316,Namatanai,PG,2022-04-14 15:19:44,-3.6667,152.4333,80.1,80,46,8.1
317,San Quintin,MX,2022-04-14 15:20:45,30.4833,-115.95,59.43,66,58,9.78
318,Upata,VE,2022-04-14 15:20:45,8.0086,-62.3989,87.06,44,89,9.01
319,Chernyshevskiy,RU,2022-04-14 15:20:45,63.0128,112.4714,24.3,95,100,6.2
320,Kyshtovka,RU,2022-04-14 15:20:46,56.555,76.6271,38.35,79,62,7.92
321,Oskemen,KZ,2022-04-14 15:20:46,49.9565,82.6119,49.96,49,0,4.47
322,Vao,NC,2022-04-14 15:20:47,-22.6667,167.4833,77.63,78,94,17.81
323,Palmer,US,2022-04-14 15:20:47,42.1584,-72.3287,67.64,62,75,6.91
324,Taminango,CO,2022-04-14 15:20:47,1.5749,-77.2867,71.53,66,100,2.71
325,Itanhaem,BR,2022-04-14 15:20:48,-24.1831,-46.7889,73.89,90,95,4.09
326,Mahebourg,MU,2022-04-14 15:20:48,-20.4081,57.7,80.26,73,75,17.27
327,Athabasca,CA,2022-04-14 15:20:49,54.7169,-113.2854,10.81,79,100,7.54
328,Grand Gaube,MU,2022-04-14 15:20:49,-20.0064,57.6608,80.38,75,12,10.0
329,San Cristobal,VE,2022-04-14 15:20:49,7.7669,-72.225,77.18,57,100,8.19
330,Longyearbyen,SJ,2022-04-14 15:20:50,78.2186,15.6401,22.84,58,75,6.91
331,Isangel,VU,2022-04-14 15:20:50,-19.55,169.2667,78.89,82,84,6.46
332,Wellington,NZ,2022-04-14 15:18:08,-41.2866,174.7756,47.91,81,8,4.61
333,Akdepe,TM,2022-04-14 15:20:50,42.0551,59.3788,82.49,23,100,12.57
334,Visavadar,IN,2022-04-14 15:20:51,21.3833,70.6833,84.96,45,0,11.36
335,Edd,ER,2022-04-14 15:16:15,13.9297,41.6925,96.31,28,9,15.68
336,Chapais,CA,2022-04-14 15:17:48,49.7834,-74.8492,40.78,90,100,13.51
337,Usogorsk,RU,2022-04-14 15:20:51,63.4106,48.6872,31.84,80,100,6.4
338,Lorengau,PG,2022-04-14 15:20:52,-2.0226,147.2712,81.97,77,41,8.88
339,Kloulklubed,PW,2022-04-14 15:20:52,7.0419,134.2556,77.5,76,100,11.5
340,Turukhansk,RU,2022-04-14 15:20:53,65.8167,87.9833,32.67,98,100,7.65
341,Mount Gambier,AU,2022-04-14 15:20:53,-37.8333,140.7667,58.24,50,99,3.71
342,Lasa,IT,2022-04-14 15:20:53,46.6166,10.7002,71.69,67,73,1.3
343,Talnakh,RU,2022-04-14 15:20:54,69.4865,88.3972,21.76,90,100,5.46
344,Augustow,PL,2022-04-14 15:20:54,53.8432,22.9798,59.43,47,100,8.84
345,Kankakee,US,2022-04-14 15:19:06,41.15,-87.8667,46.99,69,0,24.16
346,Goba,ET,2022-04-14 15:20:54,7.0167,39.9833,57.22,87,96,4.5
347,Akoupe,CI,2022-04-14 15:20:55,6.39,-3.9003,99.52,33,71,2.82
348,Riyadh,SA,2022-04-14 15:17:27,24.6877,46.7219,91.54,16,76,8.37
349,Samarai,PG,2022-04-14 15:20:55,-10.6167,150.6667,82.51,78,100,10.96
350,Teguise,ES,2022-04-14 15:20:56,29.0605,-13.564,70.02,49,20,29.93
351,Severnyy,RU,2022-04-14 15:20:56,50.677,36.5532,50.04,71,20,17.9
352,Cap Malheureux,MU,2022-04-14 15:20:56,-19.9842,57.6142,80.47,75,9,10.0
353,Balaipungut,ID,2022-04-14 15:20:57,1.05,101.2833,76.96,95,100,3.11
354,Tigzirt,DZ,2022-04-14 15:20:57,36.8886,4.1198,59.18,86,80,8.14
355,Janakkala,FI,2022-04-14 15:20:57,60.9,24.6,36.0,100,100,0.94
356,Kulim,MY,2022-04-14 15:20:58,5.365,100.5618,83.75,90,100,2.8
357,Yelizovo,RU,2022-04-14 15:20:58,53.1873,158.3805,32.14,40,40,15.66
358,Kosh-Agach,RU,2022-04-14 15:20:58,50.0,88.6667,22.53,35,0,4.83
359,Manokwari,ID,2022-04-14 15:20:59,-0.8667,134.0833,79.05,78,100,3.78
360,Sulangan,PH,2022-04-14 15:20:59,11.1373,123.7228,81.68,77,26,5.01
361,Bayshore Gardens,US,2022-04-14 15:18:38,27.4253,-82.5904,84.24,65,100,4.61
362,Lahij,YE,2022-04-14 15:22:00,13.1667,44.5833,87.73,18,21,11.05
363,Bukachacha,RU,2022-04-14 15:22:00,52.9833,116.9167,32.74,53,100,8.43
364,Sept-Iles,CA,2022-04-14 15:20:03,50.2001,-66.3821,46.4,46,40,9.22
365,Colac,AU,2022-04-14 15:22:01,-38.3333,143.5833,63.09,67,96,2.46
366,Damara,CF,2022-04-14 15:22:01,4.9608,18.7035,73.71,85,100,7.99
367,Srednekolymsk,RU,2022-04-14 15:22:01,67.45,153.6833,7.38,96,100,8.63
368,Laguna,US,2022-04-14 15:22:02,38.421,-121.4238,53.06,81,100,9.22
369,Ayagoz,KZ,2022-04-14 15:22:02,47.9714,80.4392,51.8,33,0,15.97
370,Casa Nova,BR,2022-04-14 15:22:03,-9.4167,-41.1333,89.01,41,11,3.18
371,Nemuro,JP,2022-04-14 15:22:03,43.3236,145.575,34.25,84,100,8.01
372,Oruro,BO,2022-04-14 15:22:03,-17.9833,-67.15,55.89,38,20,6.91
373,Southbridge,US,2022-04-14 15:22:04,42.0751,-72.0334,67.35,70,97,1.99
374,Acapulco,MX,2022-04-14 15:20:19,16.8634,-99.8901,82.22,69,75,2.3
375,Fonte Boa,BR,2022-04-14 15:22:05,-2.4959,-66.2662,77.54,96,100,2.53
376,Faya,SA,2022-04-14 15:22:05,18.3851,42.4509,75.31,34,0,8.99
377,Sochi,RU,2022-04-14 15:22:06,43.6,39.7303,44.69,89,100,19.17
378,Havoysund,NO,2022-04-14 15:22:07,70.9963,24.6622,34.03,73,88,24.87
379,Bakchar,RU,2022-04-14 15:22:08,57.0186,82.0711,34.32,94,3,5.68
380,Carlyle,US,2022-04-14 15:22:08,38.6103,-89.3726,53.11,60,0,7.0
381,Norman Wells,CA,2022-04-14 15:22:09,65.282,-126.8329,12.24,79,75,12.66
382,Tucson,US,2022-04-14 15:20:23,32.2217,-110.9265,66.27,12,0,12.66
383,Thinadhoo,MV,2022-04-14 15:22:09,0.5333,72.9333,84.22,68,100,7.45
384,Iquique,CL,2022-04-14 15:22:10,-20.2208,-70.1431,68.04,63,22,6.31
385,Gannan,CN,2022-04-14 15:22:11,47.9147,123.5031,41.16,26,37,8.72
386,Berlevag,NO,2022-04-14 15:22:11,70.8578,29.0864,33.6,85,85,12.88
387,Codrington,AU,2022-04-14 15:22:11,-38.2667,141.9667,59.32,53,99,8.05
388,Sisimiut,GL,2022-04-14 15:22:12,66.9395,-53.6735,11.19,78,30,17.18
389,Natal,BR,2022-04-14 15:22:12,-5.795,-35.2094,90.25,62,40,12.66
390,Umm Kaddadah,SD,2022-04-14 15:22:12,13.6017,26.6876,97.5,5,50,14.94
391,Jumla,NP,2022-04-14 15:22:13,29.2747,82.1838,47.75,72,75,2.57
392,Porto Walter,BR,2022-04-14 15:22:13,-8.2686,-72.7439,84.61,64,100,2.77
393,Alto Araguaia,BR,2022-04-14 15:22:14,-17.3147,-53.2153,82.2,59,94,6.96
394,Saint-Pierre,RE,2022-04-14 15:22:14,-21.3393,55.4781,78.48,80,100,24.16
395,Gibara,CU,2022-04-14 15:22:15,21.1097,-76.1317,85.32,63,40,16.91
396,Fortuna,US,2022-04-14 15:22:15,40.5982,-124.1573,46.92,96,100,5.75
397,Raudeberg,NO,2022-04-14 15:22:15,61.9875,5.1352,52.47,79,1,13.18
398,Rio Grande,BR,2022-04-14 15:22:16,-32.035,-52.0986,71.71,49,1,14.29
399,Luanda,AO,2022-04-14 15:22:16,-8.8368,13.2343,80.6,83,75,9.22
400,Bindki,IN,2022-04-14 15:22:17,26.0333,80.6,94.5,11,9,7.38
401,Kenai,US,2022-04-14 15:22:17,60.5544,-151.2583,19.49,93,0,0.0
402,Tuatapere,NZ,2022-04-14 15:22:17,-46.1333,167.6833,48.2,90,78,3.83
403,Atocha,BO,2022-04-14 15:22:18,-20.9333,-66.2333,50.32,17,1,8.3
404,Opuwo,NA,2022-04-14 15:22:18,-18.0607,13.84,84.63,33,18,7.14
405,Pilar,BR,2022-04-14 15:20:29,-9.5972,-35.9567,87.73,45,7,6.98
406,Aquiraz,BR,2022-04-14 15:22:19,-3.9014,-38.3911,87.89,67,39,5.64
407,Rundu,NA,2022-04-14 15:22:19,-17.9333,19.7667,81.01,43,100,5.88
408,Deputatskiy,RU,2022-04-14 15:23:20,69.3,139.9,-11.58,100,100,2.15
409,Kjollefjord,NO,2022-04-14 15:23:20,70.9457,27.3465,33.85,86,96,22.3
410,Hasaki,JP,2022-04-14 15:23:21,35.7333,140.8333,46.8,88,100,22.62
411,Lida,BY,2022-04-14 15:23:21,53.8833,25.2997,57.85,52,96,8.66
412,Grenada,ES,2022-04-14 15:23:21,37.1882,-3.6067,67.91,49,75,8.05
413,Xiaoyi,CN,2022-04-14 15:23:22,34.6178,109.703,56.44,42,100,6.02
414,Maniitsoq,GL,2022-04-14 15:23:22,65.4167,-52.9,20.01,76,41,19.44
415,Mutis,CO,2022-04-14 15:23:22,6.2262,-77.4044,82.54,79,98,1.57
416,Winslow,US,2022-04-14 15:23:23,35.0242,-110.6974,42.98,16,0,9.22
417,Paranaiba,BR,2022-04-14 15:23:23,-19.6772,-51.1908,80.87,67,80,5.61
418,New Cumnock,GB,2022-04-14 15:23:23,55.3956,-4.1846,55.15,87,100,5.32
419,Bonavista,CA,2022-04-14 15:23:24,48.6499,-53.1147,32.27,78,99,24.45
420,Bathsheba,BB,2022-04-14 15:23:24,13.2167,-59.5167,86.61,62,75,21.85
421,Asau,RO,2022-04-14 15:23:25,46.4333,26.4,56.95,35,59,1.57
422,Tual,ID,2022-04-14 15:23:25,-5.6667,132.75,83.95,74,84,6.26
423,Nanortalik,GL,2022-04-14 15:23:25,60.1432,-45.2371,34.34,87,57,4.88
424,Velez-Malaga,ES,2022-04-14 15:23:26,36.7726,-4.1005,69.57,64,92,4.32
425,Noumea,NC,2022-04-14 15:23:26,-22.2763,166.4572,80.01,99,100,5.46
426,Kargasok,RU,2022-04-14 15:23:26,59.0556,80.8572,37.42,97,82,9.04
427,Paramonga,PE,2022-04-14 15:23:27,-10.6667,-77.8333,69.55,77,54,9.69
428,Qiyang,CN,2022-04-14 15:23:27,26.5911,111.8474,60.03,85,100,7.05
429,Adrar,MR,2022-04-14 15:23:28,20.5022,-10.0711,91.65,11,0,11.88
430,Touros,BR,2022-04-14 15:23:28,-5.1989,-35.4608,86.77,63,92,8.63
431,Dukat,RU,2022-04-14 15:23:28,62.55,155.55,7.25,96,100,4.16
432,Erdenet,MN,2022-04-14 15:23:29,49.0333,104.0833,28.76,53,6,3.33
433,Mazamari,PE,2022-04-14 15:23:11,-11.3258,-74.5308,84.69,60,49,2.28
434,Amsterdam,NL,2022-04-14 15:23:29,52.374,4.8897,65.86,60,20,12.66
435,Senanga,ZM,2022-04-14 15:23:29,-16.1167,23.2667,82.38,51,95,2.53
436,Chute-Aux-Outardes,CA,2022-04-14 15:23:30,49.1168,-68.399,40.98,65,0,11.5
437,Nizhniy Tsasuchey,RU,2022-04-14 15:23:30,50.5167,115.1333,36.63,42,56,16.02
438,Tommot,RU,2022-04-14 15:23:30,58.9564,126.2925,30.04,92,100,9.24
439,Sitio Novo Do Tocantins,BR,2022-04-14 15:23:31,-5.5183,-47.4611,85.93,74,75,5.75
440,Axim,GH,2022-04-14 15:23:31,4.8699,-2.2405,85.14,69,100,11.45
441,Stryn,NO,2022-04-14 15:23:32,61.9045,6.7226,54.32,100,99,3.18
442,Manavalakurichi,IN,2022-04-14 15:23:32,8.1333,77.3,82.74,75,95,6.35
443,Altay,CN,2022-04-14 15:23:32,47.8667,88.1167,31.33,34,0,16.24
444,The Valley,AI,2022-04-14 15:23:33,18.217,-63.0578,84.06,61,20,18.41
445,Usinsk,RU,2022-04-14 15:23:33,65.9939,57.5281,29.7,76,97,25.03
446,Blagoveshchensk,RU,2022-04-14 15:23:33,50.2667,127.5333,34.41,44,40,8.95
447,Nalut,LY,2022-04-14 15:23:34,30.3333,10.85,85.37,16,100,16.64
448,Jenjarom,MY,2022-04-14 15:23:34,2.8766,101.4988,82.54,93,100,3.89
449,Saint Anthony,US,2022-04-14 15:23:34,45.0205,-93.218,30.92,78,100,24.16
450,Xuddur,SO,2022-04-14 15:23:35,4.1213,43.8894,95.14,25,91,13.15
451,Pasighat,IN,2022-04-14 15:23:35,28.0667,95.3333,70.43,95,86,1.97
452,Mahon,ES,2022-04-14 15:24:35,39.8885,4.2658,63.16,67,20,13.8
453,Ingham,US,2022-04-14 15:24:36,42.6,-84.3833,49.15,49,0,13.8
454,Sorkjosen,NO,2022-04-14 15:24:36,69.8,20.9333,37.4,75,100,6.91
455,Lazaro Cardenas,MX,2022-04-14 15:24:36,17.9583,-102.2,79.65,64,50,1.14
456,Tayturka,RU,2022-04-14 15:24:37,52.8692,103.4608,35.17,59,62,1.99
457,Ust-Kulom,RU,2022-04-14 15:24:37,61.6864,53.6902,32.74,78,100,7.63
458,Lively,CA,2022-04-14 15:24:37,46.4334,-81.1498,42.39,90,99,16.55
459,Beipiao,CN,2022-04-14 15:24:38,41.7919,120.7792,47.48,25,55,13.2
460,Mardin,TR,2022-04-14 15:24:38,37.3131,40.7436,58.26,17,0,8.05
461,Lodwar,KE,2022-04-14 15:24:38,3.1191,35.5973,97.43,26,100,20.62
462,Kewanee,US,2022-04-14 15:24:39,41.2456,-89.9248,42.78,45,2,19.39
463,Corinto,GR,2022-04-14 15:24:39,37.9407,22.9573,69.89,42,27,8.99
464,Port Blair,IN,2022-04-14 15:24:39,11.6667,92.75,82.44,78,20,2.3
465,Ejura,GH,2022-04-14 15:24:40,7.3856,-1.3562,101.26,27,38,5.86
466,Jamame,SO,2022-04-14 15:24:40,0.0722,42.7506,85.12,71,100,12.93
467,Naantali,FI,2022-04-14 15:24:40,60.4674,22.0243,38.1,100,100,3.44
468,Zhigansk,RU,2022-04-14 15:24:41,66.7697,123.3711,27.19,97,100,13.53
469,Tieling,CN,2022-04-14 15:24:41,42.2931,123.8414,50.86,22,62,13.98
470,Aginskoye,RU,2022-04-14 15:24:41,51.1,114.53,33.67,50,48,21.12
471,Flic En Flac,MU,2022-04-14 15:24:42,-20.2742,57.3631,80.53,80,32,20.51
472,Valparaiso,CL,2022-04-14 15:24:42,-33.0393,-71.6273,58.64,77,100,8.05
473,Fort Nelson,CA,2022-04-14 15:24:42,58.8053,-122.7002,8.19,66,0,2.3
474,Sitka,US,2022-04-14 15:24:43,57.0531,-135.33,30.09,47,0,0.0
475,Eidsvag,NO,2022-04-14 15:24:43,62.7767,8.0668,50.05,97,91,3.76
476,Ust-Karsk,RU,2022-04-14 15:24:43,52.7011,118.8077,34.59,62,95,5.77
477,Sioux Lookout,CA,2022-04-14 15:24:44,50.1001,-91.917,23.07,86,100,5.75
478,Andenes,NO,2022-04-14 15:24:44,69.3143,16.1194,40.98,65,40,8.05
479,Puerto Leguizamo,CO,2022-04-14 15:24:45,-0.1934,-74.7819,80.53,75,100,2.62
480,Abalak,RU,2022-04-14 15:24:45,58.1286,68.5944,46.62,98,62,4.88
481,Choszczno,PL,2022-04-14 15:24:45,53.169,15.4205,51.82,95,100,6.31
482,Carlsbad,US,2022-04-14 15:19:54,33.1581,-117.3506,62.01,67,0,5.01
483,Severnoye,RU,2022-04-14 15:24:46,56.3491,78.3619,36.64,79,31,7.4
484,Santa Margherita Ligure,IT,2022-04-14 15:24:46,44.3346,9.212,76.55,40,14,1.01
485,Bengkulu,ID,2022-04-14 15:24:46,-3.8004,102.2655,78.3,85,95,3.56
486,Manacapuru,BR,2022-04-14 15:24:47,-3.2997,-60.6206,76.71,93,100,5.55
487,Havre-Saint-Pierre,CA,2022-04-14 15:24:47,50.2334,-63.5986,43.16,61,20,6.91
488,Puri,IN,2022-04-14 15:24:47,19.8,85.85,86.52,80,65,18.88
489,Doha,QA,2022-04-14 15:22:32,25.2867,51.5333,95.31,56,73,13.8
490,Cedar City,US,2022-04-14 15:24:48,37.6775,-113.0619,45.39,24,0,8.05
491,Dakar,SN,2022-04-14 15:24:48,14.6937,-17.4441,81.48,73,0,13.8
492,Ossora,RU,2022-04-14 15:24:49,59.2353,163.0719,20.66,95,100,4.12
493,Vidalia,US,2022-04-14 15:24:49,32.2177,-82.4135,73.35,73,75,6.91
494,Oistins,BB,2022-04-14 15:24:49,13.0667,-59.5333,86.09,62,75,21.85
495,Gemena,CD,2022-04-14 15:24:50,3.25,19.7667,71.38,97,100,5.26
496,El Balsamo,HN,2022-04-14 15:24:50,15.0667,-87.4667,75.99,55,45,3.87
497,Castro Verde,PT,2022-04-14 15:25:50,37.6983,-8.0858,72.82,39,18,8.88
498,Baykit,RU,2022-04-14 15:25:51,61.67,96.37,35.78,93,100,9.01
499,Murgab,TM,2022-04-14 15:25:51,37.4966,61.9714,85.87,35,75,4.61
500,Baneh,IR,2022-04-14 15:25:52,35.9975,45.8853,54.39,40,72,6.2
501,Lundazi,ZM,2022-04-14 15:25:52,-12.2929,33.1782,71.29,85,100,5.93
502,Rio Gallegos,AR,2022-04-14 15:21:37,-51.6226,-69.2181,59.05,55,0,6.91
503,Tomatlan,MX,2022-04-14 15:25:52,19.9333,-105.25,80.1,45,53,2.44
504,Dunedin,NZ,2022-04-14 15:23:15,-45.8742,170.5036,55.8,80,73,4.0
505,Juazeiro,BR,2022-04-14 15:25:53,-9.4117,-40.4986,89.78,51,75,4.61
506,Helong,CN,2022-04-14 15:25:53,42.5397,128.9972,38.46,65,55,4.12
507,Sfantu Gheorghe,RO,2022-04-14 15:21:53,45.8667,25.7833,61.83,44,8,2.33
508,Roma,US,2022-04-14 15:25:54,43.2128,-75.4557,75.34,43,75,14.97
509,Pyay,MM,2022-04-14 15:25:54,18.8167,95.2167,85.57,56,24,6.71
510,Bubaque,GW,2022-04-14 15:25:54,11.2833,-15.8333,75.6,69,29,11.68
511,Srandakan,ID,2022-04-14 15:25:55,-7.9386,110.2506,78.48,83,93,5.08
512,Clinton,US,2022-04-14 15:25:11,42.587,-82.9199,51.89,50,0,18.41
513,Dembi Dolo,ET,2022-04-14 15:25:55,8.5333,34.8,71.64,54,99,4.14
514,Batagay,RU,2022-04-14 15:25:55,67.6333,134.6333,3.63,95,74,4.72
515,Rybinsk,RU,2022-04-14 15:25:56,58.0446,38.8426,38.55,82,40,4.92
516,Qasigiannguit,GL,2022-04-14 15:25:56,68.8193,-51.1922,16.05,86,72,5.3
517,Ambon,ID,2022-04-14 15:25:57,-3.6954,128.1814,77.14,100,40,6.91
518,Aurillac,FR,2022-04-14 15:25:57,44.9167,2.45,70.68,43,90,8.05
519,Blagoveshchenka,RU,2022-04-14 15:25:57,52.8333,79.8667,48.43,48,0,8.08
520,Mogadishu,SO,2022-04-14 15:24:13,2.0371,45.3438,83.73,77,74,16.51
521,Flin Flon,CA,2022-04-14 15:25:58,54.7682,-101.865,10.24,52,100,13.8
522,Kifri,IQ,2022-04-14 15:25:58,34.6959,44.9661,75.52,18,100,13.33
523,Moroni,KM,2022-04-14 15:25:49,-11.7022,43.2551,81.5,77,39,1.48
524,Tezu,IN,2022-04-14 15:25:58,27.9167,96.1667,69.26,95,91,4.47
525,Olinda,BR,2022-04-14 15:23:07,-8.0089,-34.8553,87.53,62,20,8.05
526,Sendafa,ET,2022-04-14 15:25:59,9.15,39.0333,66.79,48,96,15.48
527,Nacogdoches,US,2022-04-14 15:25:59,31.6002,-94.6335,66.56,61,0,10.36
528,Sayat,TM,2022-04-14 15:25:59,38.7839,63.8803,82.27,14,0,7.36
529,Pervomayskoye,RU,2022-04-14 15:26:00,43.919,46.7102,50.92,63,9,14.18
530,Kendari,ID,2022-04-14 15:26:00,-3.945,122.4989,76.68,90,82,1.36
531,Artsvaberd,AM,2022-04-14 15:26:00,40.8336,45.4711,41.11,50,3,7.92
532,Ridgecrest,US,2022-04-14 15:26:01,35.6225,-117.6709,54.68,24,0,0.0
533,Kazerun,IR,2022-04-14 15:26:01,29.6195,51.6541,76.06,32,100,4.36
534,Romny,UA,2022-04-14 15:21:30,50.751,33.4747,52.99,60,98,9.91
535,Mansa,IN,2022-04-14 15:26:02,29.9833,75.3833,84.18,16,13,4.38
536,Bulgan,MN,2022-04-14 15:26:02,48.8125,103.5347,29.3,58,9,4.7
537,Marondera,ZW,2022-04-14 15:26:03,-18.1853,31.5519,67.46,71,98,3.11
538,Caravelas,BR,2022-04-14 15:26:03,-17.7125,-39.2481,89.83,52,10,8.97
539,Bad Waldsee,DE,2022-04-14 15:26:04,47.9167,9.7667,70.03,75,55,6.13
540,Porto Novo,BJ,2022-04-14 15:26:04,6.4965,2.6036,85.82,61,100,9.64
541,Pilot Butte,CA,2022-04-14 15:26:04,50.4668,-104.4178,19.13,87,100,26.46
542,Dali,CN,2022-04-14 15:26:05,25.7,100.1833,60.42,82,89,4.47
543,Hue,VN,2022-04-14 15:27:05,16.4667,107.6,78.91,89,40,1.14
544,Malindi,KE,2022-04-14 15:27:06,-3.2175,40.1191,84.36,84,40,11.5
545,Tome,CL,2022-04-14 15:27:06,-36.6167,-72.95,61.41,45,0,3.91
546,Christchurch,NZ,2022-04-14 15:27:06,-43.5333,172.6333,51.91,89,14,1.99
547,Santa Isabel,BR,2022-04-14 15:27:07,-23.3156,-46.2214,78.51,76,73,1.14
548,Macau,MO,2022-04-14 15:27:07,22.2006,113.5461,82.85,88,0,5.75
549,Dicabisagan,PH,2022-04-14 15:27:08,17.0818,122.4157,77.31,89,44,5.97
550,Saquarema,BR,2022-04-14 15:27:08,-22.92,-42.5103,75.24,76,35,15.39
551,Shitanjing,CN,2022-04-14 15:27:08,39.2342,106.3439,48.22,23,100,11.61
552,Ixtapa,MX,2022-04-14 15:27:09,20.7,-105.2,72.63,68,75,2.3
553,Ati,TD,2022-04-14 15:27:09,13.2154,18.3353,107.06,7,74,13.38
554,Fergus Falls,US,2022-04-14 15:27:09,46.283,-96.0776,30.27,92,75,24.16
555,Charyshskoye,RU,2022-04-14 15:27:10,51.3978,83.5598,46.76,62,0,3.87
556,Aykhal,RU,2022-04-14 15:27:10,66.0,111.5,14.58,93,98,23.67
557,Hof,DE,2022-04-14 15:27:11,50.3167,11.9167,65.44,67,75,14.97
558,San Juan De La Vega,MX,2022-04-14 15:27:11,20.6333,-100.7667,74.44,34,100,2.82
559,Biloela,AU,2022-04-14 15:27:11,-24.4167,150.5,61.88,73,0,7.05
560,Vila Velha,BR,2022-04-14 15:27:12,-20.3297,-40.2925,87.75,64,20,13.8
561,Okhotsk,RU,2022-04-14 15:27:12,59.3833,143.3,10.99,87,13,8.05
562,Pombas,CV,2022-04-14 15:27:12,17.1503,-25.0201,74.98,73,9,14.54
563,Amapa,BR,2022-04-14 15:27:13,1.0,-52.0,81.14,81,92,4.05
564,Leningradskiy,RU,2022-04-14 15:27:13,69.3833,178.4167,6.28,96,100,11.52
565,Diu,IN,2022-04-14 15:27:14,20.7141,70.9822,80.83,76,0,14.16
566,Maneadero,MX,2022-04-14 15:27:14,31.7167,-116.5667,55.09,75,82,4.0
567,Khandyga,RU,2022-04-14 15:27:14,62.6667,135.6,4.87,95,33,4.12
568,Pisco,PE,2022-04-14 15:25:00,-13.7,-76.2167,68.05,77,0,6.91
569,Tarrytown,US,2022-04-14 15:27:15,41.0762,-73.8587,81.39,60,0,5.75
570,Santa Marta,CO,2022-04-14 15:22:30,11.2408,-74.199,83.8,71,32,14.97
571,Mabaruma,GY,2022-04-14 15:27:15,8.2,-59.7833,84.2,74,75,13.8
572,Westerly,US,2022-04-14 15:25:36,41.3776,-71.8273,66.61,72,0,10.36
573,Jalu,LY,2022-04-14 15:27:16,29.0331,21.5482,86.61,12,52,19.6
574,Nenjiang,CN,2022-04-14 15:27:16,49.1833,125.2167,38.66,38,100,8.48
575,Port Augusta,AU,2022-04-14 15:27:16,-32.5,137.7667,66.63,68,92,2.98
576,Vaitape,PF,2022-04-14 15:27:17,-16.5167,-151.75,81.66,73,30,15.84
